{"cameraMode":{"drawMode":0,"name":"Shaded","section":"Shading Mode"},"sceneLighting":true,"audioPlay":false,"sceneViewState":{"showFog":true,"showMaterialUpdate":false,"showSkybox":true,"showFlares":true,"showImageEffects":true,"showParticleSystems":true,"showVisualEffectGraphs":true,"m_FxEnabled":true},"in2DMode":false,"pivot":{"x":8.942057609558106,"y":0.22201114892959596,"z":30.446929931640626},"rotation":{"x":-0.01062942948192358,"y":-0.13226163387298585,"z":-0.005570966750383377,"w":-0.991199254989624},"size":19.337173461914064,"orthographic":false}