{"cameraMode":{"drawMode":0,"name":"Shaded","section":"Shading Mode"},"sceneLighting":true,"audioPlay":false,"sceneViewState":{"showFog":true,"showMaterialUpdate":false,"showSkybox":true,"showFlares":true,"showImageEffects":true,"showParticleSystems":true,"showVisualEffectGraphs":true,"m_FxEnabled":true},"in2DMode":false,"pivot":{"x":0.19406136870384217,"y":2.519010543823242,"z":-2.9802322387695315e-8},"rotation":{"x":-0.10334737598896027,"y":-0.8587290644645691,"z":0.1850244700908661,"w":-0.46665507555007937},"size":0.5485610365867615,"orthographic":false}